出表日期,資料年月,公司代號,公司名稱,產業別,營業收入-當月營收,營業收入-上月營收,營業收入-去年當月營收,營業收入-上月比較增減(%),營業收入-去年同月增減(%),累計營業收入-當月累計營收,累計營業收入-去年累計營收,累計營業收入-前期比較增減(%),備註
"1140817","11407","1260","富味鄉","食品工業","400132","374473","454351","6.852029385296136","-11.933285059348389","3015876","3126671","-3.5435451955130555","-"
"1140817","11407","1269","乾杯","觀光餐旅","369624","338669","357015","9.140192931741613","3.5317843788076133","2592359","2589479","0.11121928387911237","-"
"1140817","11407","1271","晨暉生技","生技醫療業","85556","73584","70580","16.26984126984127","21.218475488807027","549922","553639","-0.6713761133157166","-"
"1140817","11407","1293","利統","食品工業","62280","57939","72406","7.492362657277481","-13.985028865011188","407745","351777","15.910079396890644","-"
"1140817","11407","1343","旭東環保","綠能環保","68783","23994","138692","186.66750020838543","-50.40593545409973","204087","632040","-67.70979684830074","差異係因本期太陽能載具銷售量下降所致。"
"1140817","11407","1480","東盟開發","鋼鐵工業","802824","833730","836163","-3.706955489187147","-3.9871412631269263","6316982","5295060","19.299535793739825","-"
"1140817","11407","1594","日高","電機機械","38141","40357","36705","-5.490992888470402","3.9122735322163193","267997","247240","8.395486167286847","-"
"1140817","11407","1623","大東電","電器電纜","540606","530317","442586","1.9401603192053054","22.147108132656705","3779216","2917583","29.532424613112976","-"
"1140817","11407","1780","立弘","生技醫療業","72549","67051","74006","8.199728564823792","-1.9687592897873145","497965","501880","-0.780066948274488","-"
"1140817","11407","2071","震南鐵","鋼鐵工業","143672","129691","107576","10.780239183906362","33.55395255447311","1029908","857673","20.081662824876148","-"
"1140817","11407","2072","世紀風電","鋼鐵工業","764252","854430","730875","-10.554170616668422","4.56671797502993","6180662","5068382","21.945465041900945","-"
"1140817","11407","2237","華德動能","電機機械","144727","186810","5265","-22.527166639901505","2648.8509021842356","902020","406770","121.7518499397694","本月銷售電動巴士13輛及維修收入"
"1140817","11407","2245","詠勝昌","電機機械","43684","29291","33072","49.13796046567205","32.087566521528785","245140","228031","7.502927233577891","-"
"1140817","11407","2249","湧盛","電機機械","130556","176586","194531","-26.06661909777672","-32.88678925209864","1581338","1795416","-11.923587625374843","-"
"1140817","11407","2252","為昇科","其他電子業","38004","39959","46781","-4.892514827698391","-18.761890511104937","280969","337046","-16.637788313761327","-"
"1140817","11407","2255","凱銳光電","其他電子業","153943","197272","141367","-21.96409019019425","8.895994114609492","1414817","1082347","30.717505568916437","-"
"1140817","11407","2256","歐特明","其他電子業","36869","20389","24417","80.82789739565452","50.99725601015686","188620","182631","3.279289934348495","本月增加百分比達50%以上，主要係受客戶端需求影響所致。"
"1140817","11407","2644","中信造船","航運業","288233","812394","206669","-64.52054052590246","39.46600602896419","2586794","2442427","5.910801018822671","-"
"1140817","11407","2733","維格餅家","觀光餐旅","29720","25006","37815","18.851475645844996","-21.406849133941556","177075","217332","-18.523273148915024","-"
"1140817","11407","2741","老四川","觀光餐旅","69976","62237","75885","12.434725324164082","-7.786782631613626","519647","550018","-5.521819285914279","-"
"1140817","11407","2750","桃禧","觀光餐旅","38528","38134","36887","1.0331987203020927","4.448721771897959","311297","271945","14.470573093824118","-"
"1140817","11407","2758","路易莎咖啡","觀光餐旅","256906","246232","185848","4.334936157769908","38.23447118074986","1619155","1338871","20.934354392618857","-"
"1140817","11407","2760","巨宇翔","觀光餐旅","19260","23463","20772","-17.91331031837361","-7.279029462738301","146439","104031","40.764772039103725","因合併認列新事業體營收,故較去年同期增加"
"1140817","11407","2761","橘焱胡同","觀光餐旅","119603","103341","103051","15.73625182647739","16.061949908297834","765914","658717","16.2736045980292","-"
"1140817","11407","2938","床的世界","居家生活","58249","59159","70266","-1.5382274886323297","-17.10215466939914","411986","488472","-15.658215824039043","-"
"1140817","11407","2940","歐都納","運動休閒","42066","58658","51503","-28.285996794981077","-18.323204473525813","436819","474161","-7.8753840994936315","-"
"1140817","11407","2942","京站","居家生活","99554","98261","105440","1.3158832090045898","-5.582321699544765","738129","748820","-1.4277129350177613","-"
"1140817","11407","3097","拍檔","電腦及週邊設備業","269776","230296","261251","17.14315489630736","3.263145404228118","1763743","1605658","9.845496363484628","-"
"1140817","11407","3117","年程","電子零組件業","47395","49181","52714","-3.631483703056058","-10.090298592404295","356973","332989","7.202640327458265","-"
"1140817","11407","3158","嘉實","資訊服務業","79921","84698","76128","-5.6400387258258755","4.98239806641446","557012","494721","12.591137226840987","-"
"1140817","11407","3184","微邦","生技醫療業","14341","27036","14067","-46.955910637668296","1.9478211416791071","130130","127300","2.223095051060487","-"
"1140817","11407","3473","智通聯網","通信網路業","14110","0","687","","1953.8573508005823","83042","307833","-73.0236849200703","-"
"1140817","11407","3485","敘豐","光電業","41618","51187","48157","-18.69419969914236","-13.578503644330004","327182","355137","-7.871610111027575","配合客戶裝機"
"1140817","11407","3585","聯致","電子零組件業","38099","36964","32997","3.070555134725679","15.462011698033155","249189","205573","21.216794034236013","-"
"1140817","11407","3595","山太士","光電業","58641","48852","10614","20.03807418324736","452.4872809496891","211782","78072","171.26498616661544","本公司因營收增加所致。"
"1140817","11407","3603","建祥國際","電子通路業","17808","17374","15365","2.4979854955680905","15.899772209567198","110663","113369","-2.386895888646808","-"
"1140817","11407","3616","泓辰","電機機械","2345","5095","2617","-53.974484789008834","-10.393580435613298","27723","237839","-88.34379559281699","增加電池銷售"
"1140817","11407","3633","云光","光電業","392968","478263","457424","-17.834329647077027","-14.09108398335024","3162526","3427651","-7.734888995408226","-"
"1140817","11407","3659","百辰","光電業","227088","244875","230954","-7.263705972434916","-1.6739264095880564","1541068","1529186","0.7770146993236925","-"
"1140817","11407","3678","聯享","光電業","42417","36026","25201","17.739965580414147","68.31474941470576","269174","170124","58.222237897063316","客戶端需求增加"
"1140817","11407","4115","善德生技","生技醫療業","59513","62045","66786","-4.080909017648481","-10.890006887671069","442772","457156","-3.146409540725704","-"
"1140817","11407","4117","普生","生技醫療業","15603","9379","41078","66.36101929843267","-62.016164370222505","126856","152353","-16.735476163908817","本月較去年7月減少,主係去年7月認列巴西市場之營收所致"
"1140817","11407","4132","國鼎","生技醫療業","12167","4439","3892","174.09326424870466","212.61562178828365","38784","26845","44.47383125349227","今年度單月營收金額較去年同期單月營收增加，主係本期日本子公司出貨新產品載能飲所致"
"1140817","11407","4150","優你康","生技醫療業","55353","63392","76818","-12.681410903584048","-27.942669686792158","349886","533638","-34.43382967479827","-"
"1140817","11407","4166","友霖","生技醫療業","109787","108771","101443","0.9340725009423467","8.225308794101121","752235","702354","7.101974218129319","-"
"1140817","11407","4169","泰宗","生技醫療業","57912","62290","53550","-7.028415475999358","8.145658263305322","395750","383489","3.197223388415313","-"
"1140817","11407","4170","鑫品生醫","生技醫療業","5478","5025","3935","9.014925373134329","39.212198221092756","39208","27538","42.377805214612536","-"
"1140817","11407","4172","因華","生技醫療業","3771","4485","4455","-15.919732441471572","-15.353535353535353","50413","27620","82.52353367125272","主係普癌汰與顯影劑銷售消長所致。"
"1140817","11407","4178","永笙-KY","生技醫療業","30112","33376","35103","-9.77948226270374","-14.2181579921944","227418","216498","5.043926502785245","-"
"1140817","11407","4186","尖端醫","生技醫療業","33503","25264","29484","32.61162127929069","13.631121964455298","202852","181151","11.979508807569376","-"
"1140817","11407","4194","禾生技","生技醫療業","0","0","11106","","-100.0","0","82365","-100.0","本司112/11/13依分割計劃,將「台灣代理經銷」及「歐洲自有品牌醫材」業務分割予禾麗陽公司,故營收較去年同期減少,致營收波動大。"
"1140817","11407","4195","基米","生技醫療業","48009","64891","40258","-26.015934413092726","19.25331611108351","358318","270232","32.596435655288786","-"
"1140817","11407","4197","暐世","生技醫療業","15776","16317","10708","-3.3155604584176013","47.329099738513264","105778","56660","86.68902223791034","客戶調整庫存所致"
"1140817","11407","4431","敏成健康","其他","167112","164606","163595","1.5224232409511196","2.1498212048045477","1116963","961226","16.201912973639914","-"
"1140817","11407","4441","振大環球","紡織纖維","773701","742984","724398","4.134274762309821","6.806065174116991","4199253","2995479","40.18636084579461","-"
"1140817","11407","4537","旭東","光電業","124636","147940","250319","-15.752332026497228","-50.20913314610557","765156","642293","19.128808814668695","本月較去年同期營收淨額減少,主係行業特性營收認列時點所致"
"1140817","11407","4544","春日","電機機械","71032","117901","79699","-39.75284348733259","-10.874665930563745","687156","586284","17.205313465828848","-"
"1140817","11407","4546","長亨","電機機械","212435","167213","86704","27.044547971748607","145.01176416312973","1063483","750109","41.77712839067389","配合客戶端需求交運。"
"1140817","11407","4553","盛復","電機機械","81492","87159","75954","-6.5019103018621145","7.2912552334307605","604817","600497","0.7194040936091272","-"
"1140817","11407","4559","久裕興","運動休閒","94785","76052","152742","24.631830852574556","-37.94437679223789","559451","755364","-25.93623736370809","-"
"1140817","11407","4565","宏偉","電機機械","116456","148808","82683","-21.740766625450245","40.84636503271531","1062104","973255","9.129056619282716","-"
"1140817","11407","4570","傑生","電機機械","110909","84617","120151","31.071770448018718","-7.691987582292282","770239","1000280","-22.997660655016595","-"
"1140817","11407","4573","高明鐵","電機機械","50238","50370","65388","-0.26206075044669447","-23.16938887869334","336737","366706","-8.172486951399758","-"
"1140817","11407","4575","銓寶","電機機械","115471","66153","78738","74.55141868093662","46.6521882699586","577578","617043","-6.39582654693433","-"
"1140817","11407","4582","聚恆","綠能環保","78338","64420","12123","21.605091586463832","546.1931865049905","425982","463442","-8.082996362004307","主係因採用完工比例法認列進度時點差異所致。"
"1140817","11407","4585","達明","其他電子業","115078","151059","96947","-23.81916999318147","18.70197118012935","1006406","863018","16.614717190139718","-"
"1140817","11407","4587","寶元數控","電機機械","72698","71852","79849","1.177420252741747","-8.955653796540972","524349","524262","0.01659475605708596","-"
"1140817","11407","4589","碩陽電機","電機機械","49390","48484","87667","1.8686577015097765","-43.66181117182064","432011","578871","-25.37007381610065","-"
"1140817","11407","4590","富田","電機機械","87482","83858","216396","4.321591261418112","-59.5731898926043","742807","1521324","-51.17364874280561","本月營收較去年同期減少50%以上，係因本月終端 客戶需求量減少及客戶庫存政策趨於保守所致。"
"1140817","11407","4724","宣捷幹細胞","生技醫療業","40509","40884","31534","-0.9172292339301438","28.46134331198072","290925","161862","79.73644215442785","本公司以增資發行新股與育禾管理顧問股份有限公司股東進行股份交換，11307起育禾管理顧問股份有限公司納入子公司，致營收增加。"
"1140817","11407","4732","彥臣","生技醫療業","12160","9845","13990","23.51447435246318","-13.080771979985704","98925","144785","-31.674551921815105","-"
"1140817","11407","4738","大同精化","化學工業","26827","29513","24823","-9.10107410293769","8.073157958345083","191849","162149","18.316486688169523","-"
"1140817","11407","4765","磐采","化學工業","18401","16558","27408","11.130571325039256","-32.86266783420899","158428","195736","-19.06036702497241","-"
"1140817","11407","4773","高福","化學工業","171815","233475","204185","-26.409679837241676","-15.853270318583638","1624843","1630422","-0.34218134936844574","-"
"1140817","11407","4925","智微","半導體業","42970","38604","65764","11.309708838462335","-34.66030046834134","266280","429334","-37.97835717646401","-"
"1140817","11407","4980","佐臻","電子零組件業","14471","11495","6990","25.88951718138321","107.02432045779685","72197","66808","8.066399233624715","主係專案驗收所致，致使本期營收較去年同期增加107.03%。"
"1140817","11407","5240","建騰","光電業","35804","30944","30911","15.705791106514996","15.829316424573776","238764","220181","8.439874466915855","-"
"1140817","11407","5246","勵威","半導體業","87257","116707","94372","-25.23413334247303","-7.5393125079472725","635839","533219","19.245375727421568","-"
"1140817","11407","5248","景傳","光電業","47512","12067","40596","293.7349796966935","17.0361611981476","234608","272699","-13.968148031345915","本公司無子公司，以個別營業收入申報"
"1140817","11407","5254","欣訊科技","電子零組件業","63205","63398","57499","-0.30442600712956247","9.92365084610167","419151","358308","16.980642352389566","-"
"1140817","11407","5262","立達","半導體業","162384","152957","205668","6.163170041253424","-21.045568586265244","1141082","1559997","-26.853577282520416","民國114年7月合併營業收入係依循會計研究發展基金會114年1月22日函以總額認列，相關比較期之營業收入金額亦據此重新列示。"
"1140817","11407","5267","龍翩","光電業","32701","19607","29911","66.78227163768042","9.327672093878506","179711","300202","-40.13664132817237","-"
"1140817","11407","5271","紘通","電子零組件業","70069","64042","47458","9.41101152368758","47.64423279531375","418611","338293","23.74214068869294","-"
"1140817","11407","5297","廣化","半導體業","10470","33778","28686","-69.00349339806975","-63.501359548211674","156283","172412","-9.354917291139827","本期認列營收之機台較少"
"1140817","11407","5547","久舜","建材營造","139172","245850","183168","-43.391498881431765","-24.019479385045422","1280707","1280955","-0.019360555210760723","-"
"1140817","11407","5859","遠壽","金融業","9703697","-790986","9742380","1326.7849241326649","-0.3970590348559592","35667857","51535269","-30.78942306481412","-"
"1140817","11407","5863","瑞興銀","金融業","130353","113162","120378","15.191495378307206","8.286397846782634","833955","708059","17.78043920068808","-"
"1140817","11407","6027","德信","金融業","62915","-2131","1576","3052.369779446269","3892.068527918782","66268","183735","-63.93283805480719","本月較去年同期增加營業證券透過損益按公允價值衡量之淨利益。 本年累計較去年同期減少經紀手續費收入。"
"1140817","11407","6028","公勝保經","金融業","322783","370395","329980","-12.854385183385304","-2.1810412752288015","2751292","2438431","12.830422513493307","-"
"1140817","11407","6035","悠遊卡","金融業","164928","124101","156558","32.89820388232166","5.346261449430882","1100072","1131143","-2.7468675490190013","-"
"1140817","11407","6272","驊陞","電子零組件業","378670","281787","239634","34.38164287209843","58.02014739143861","2347045","1637965","43.290302295836604","本月營收較去年同期增加超過50%以上，主係在AI帶動高速連接器需求之下，連接零組件事業群的營收有明顯的成長所致。"
"1140817","11407","6403","群登","通信網路業","11376","12280","8953","-7.361563517915309","27.063554115938793","77987","85967","-9.282631707515675","-"
"1140817","11407","6407","相互","電子零組件業","249549","232993","225270","7.10579287789762","10.777733386602744","1587592","1543545","2.8536259065981233","-"
"1140817","11407","6428","台灣淘米","文化創意業","5455","3968","5454","37.474798387096776","0.018335166850018333","35569","38298","-7.125698469893989","-"
"1140817","11407","6434","達輝光電","光電業","115786","85305","107457","35.7317859445519","7.751007379696064","754190","797219","-5.397387668883958","-"
"1140817","11407","6467","泰合","生技醫療業","0","0","0","","","7779","0","","主要品項仍在研發階段"
"1140817","11407","6473","美賣*","數位雲端","4910","9035","11970","-45.65578306585501","-58.98078529657477","42178","105233","-59.91941691294556","廣告投放策略調整，故使淨額法業績下滑，總額法致力於去庫存化，致營收減少"
"1140817","11407","6474","華豫寧","電子通路業","286490","343754","325419","-16.65842433833497","-11.962731125103328","2252387","2401155","-6.195684993263659","-"
"1140817","11407","6483","原創生醫","生技醫療業","0","0","0","","","381","0","","NA"
"1140817","11407","6493","雷虎生","生技醫療業","33550","33769","20845","-0.6485237940122598","60.949868073878626","246472","153165","60.91927006822708","醫療器材出貨增加"
"1140817","11407","6518","康科特","生技醫療業","84104","77806","75799","8.094491427396346","10.956608926239133","532909","509136","4.669282863517803","-"
"1140817","11407","6536","碩豐","資訊服務業","7448","7632","8693","-2.410901467505241","-14.321868169791786","53420","54196","-1.4318399881910104","-"
"1140817","11407","6539","麗彤","生技醫療業","65226","64913","49405","0.4821838460708949","32.02307458759235","452974","298117","51.945041711811136","主係今年推出新產品及開發新型態銷售通路致營業收入較去年同期成長。"
"1140817","11407","6543","普惠醫工","生技醫療業","61444","65254","64318","-5.8387225304195915","-4.468422525576044","417343","427103","-2.2851630637106273","-"
"1140817","11407","6549","景凱","生技醫療業","0","0","0","","","0","0","","本年度尚無營業收入"
"1140817","11407","6555","榮炭","電子零組件業","109947","130422","22473","-15.699038505773565","389.2404218395408","586585","152961","283.48664038545775","儲能型產品穩定出貨並持續挹注營收。25年07月營收年增283.49%、月減15.7%。"
"1140817","11407","6559","研晶","光電業","9724","6402","7146","51.89003436426117","36.07612650433809","57802","44818","28.97050292293275","-"
"1140817","11407","6563","映智","半導體業","8388","10085","5484","-16.82697074863659","52.95404814004377","74636","17129","335.72888084535","新產品訂單出貨"
"1140817","11407","6564","安特羅","生技醫療業","3461","2875","3579","20.382608695652173","-3.2970103380832634","26105","23906","9.198527566301347","-"
"1140817","11407","6565","物聯","數位雲端","30824","36473","10055","-15.488169330737806","206.55395325708602","225997","146544","54.21784583469811","本月份及本年度累計合併營收均較去年同期成長，主要係對日本市場銷售硬體增加所致。"
"1140817","11407","6572","博錸","生技醫療業","1934","3976","1097","-51.35814889336016","76.29899726526891","60210","34374","75.16145924245069","主要係本月專案收入較去年同期增加，致營收增加。"
"1140817","11407","6580","台睿","生技醫療業","5040","3572","3395","41.097424412094064","48.45360824742268","12543","3660","242.70491803278688","差異係銷售西寧特藥物及硒立特保健食品之營收"
"1140817","11407","6583","友松","文化創意業","11792","4209","16128","180.1615585649798","-26.884920634920636","47576","76351","-37.6877840499797","本期節目較去年同期減少所致"
"1140817","11407","6586","醣基","生技醫療業","32","458","0","-93.01310043668123","","744","1082","-31.23844731977819","係依據IFRS15 會計原則，自114年01月起依合約期限認列前期授權金攤銷數。"
"1140817","11407","6595","光禹國際","文化創意業","8121","14362","11646","-43.454950563988305","-30.267903142709944","85079","100605","-15.43263257293375","-"
"1140817","11407","6599","普達系統","電腦及週邊設備業","116507","105680","115485","10.245079485238456","0.8849634151621423","768683","582533","31.9552712035198","-"
"1140817","11407","6610","安成生技","生技醫療業","0","0","0","","","0","0","","本公司為新藥研發生技公司，目前尚未有新藥商品化"
"1140817","11407","6614","資拓宏宇","數位雲端","408656","475493","295696","-14.056358348072422","38.20139602835344","2264768","2219157","2.055330019462345","-"
"1140817","11407","6618","永虹先進","化學工業","20","23","0","-13.043478260869565","","17615","1834","860.4689203925846","受惠於其它設備買賣"
"1140817","11407","6620","漢達","生技醫療業","69251","103417","80745","-33.037121556417226","-14.23493714781101","1009050","513650","96.446996982381","營收變動主要係認列Phyrago授權相關收入"
"1140817","11407","6621","華宇藥","生技醫療業","8473","8123","8594","4.308752923796627","-1.407959041191529","52789","55580","-5.021590500179921","-"
"1140817","11407","6622","百聿數碼","文化創意業","8536","5566","12403","53.359683794466406","-31.17794082076917","50614","114572","-55.82341235205809","主係去年同期合約收入較高，故較去年累計合併營收減少。"
"1140817","11407","6634","欣耀","生技醫療業","0","0","0","","","0","0","","本月無依完工百分比法認列之勞務收入。"
"1140817","11407","6638","沅聖","電腦及週邊設備業","150144","115533","242603","29.957674430682143","-38.11123522792381","941612","1355531","-30.53556134090626","-"
"1140817","11407","6639","源大環能","油電燃氣業","7130","18515","14438","-61.49068322981366","-50.6164288682643","64904","89788","-27.714171158729453","因子公司部分工程已完工，依案場完工進度，致工程收入差異"
"1140817","11407","6648","斯其大","其他電子業","3140","8651","2926","-63.703618078834815","7.313738892686261","152095","283207","-46.29546586066022","因產業特性及標案合約規範,每月出貨數量時程依客戶通知出貨"
"1140817","11407","6650","帝圖","文化創意業","979","41070","1712","-97.6162649135622","-42.81542056074766","68829","111401","-38.215096812416405","-"
"1140817","11407","6652","雅祥生醫","生技醫療業","90","91","0","-1.098901098901099","","460","0","","114年7月份勞務收入90仟元，以致於本月及本年增減百分比達50%以上。"
"1140817","11407","6665","康聯生醫","生技醫療業","100935","95253","107716","5.965166451450348","-6.295257900404768","648858","704876","-7.947213410585691","-"
"1140817","11407","6673","和詮","光電業","12219","8282","4798","47.53682685341705","154.668611921634","74913","104947","-28.618254928678287","去年同期因受ECFA關稅優惠終止影響，致台灣客戶(貿易商)出口到中國及中國客戶直接進口的成本上升，故減少7月的拉貨"
"1140817","11407","6676","祥翊","生技醫療業","24141","13329","48480","81.11636281791583","-50.20420792079208","129872","282036","-53.95197776170418","依訂單排程出貨，銷貨收入減少"
"1140817","11407","6677","瑩碩生技","生技醫療業","79983","86952","94587","-8.01476676787193","-15.439753877382728","482762","509464","-5.241194667336652","-"
"1140817","11407","6682","華旭矽材","光電業","142015","84819","8656","67.43300439759959","1540.6538817005546","397042","127104","212.37569234642498","增加合併公司及散熱產品客戶需求持續上升。"
"1140817","11407","6696","仁新","生技醫療業","0","0","0","","","0","0","","無"
"1140817","11407","6699","奇邑","半導體業","7101","2913","1361","143.76930998970133","421.74871418074946","35485","13025","172.43761996161228","累計營收自4月起依反向收購會計處理計算，去年同期及累計為神雋營收。"
"1140817","11407","6704","國璽幹細胞","生技醫療業","16101","16005","14203","0.5998125585754451","13.363373935084137","110593","93810","17.89041679991472","-"
"1140817","11407","6705","振躍精密","電機機械","31033","33984","29428","-8.683498116760829","5.453989397852386","213934","204309","4.7110014732586425","-"
"1140817","11407","6707","富基電通","電子通路業","769672","722058","610700","6.594207113555974","26.031111838873425","4630414","6236621","-25.75444299084392","-"
"1140817","11407","6709","昱厚生技","生技醫療業","0","0","0","","","0","0","","不適用"
"1140817","11407","6722","輝創","其他電子業","401888","426336","423542","-5.734444194250544","-5.112598042224856","3003664","2944911","1.995068781365549","-"
"1140817","11407","6723","傑智環境","綠能環保","54164","93011","52597","-41.766027674146066","2.9792573720934654","613546","322214","90.41568646924094","依完工比例認列收入較多"
"1140817","11407","6725","矽科宏晟","其他電子業","420787","310276","255311","35.616999058902394","64.81350196427103","2104154","1758288","19.67061141291984","依專案進度認列所致，營收與去年同期呈現成長。"
"1140817","11407","6729","機光科技","光電業","8743","12197","9486","-28.318438960400098","-7.832595403752899","84065","60625","38.66391752577319","-"
"1140817","11407","6730","常廣","生技醫療業","43582","41062","44340","6.137061029662462","-1.7095173658096527","280906","273956","2.536903736366424","-"
"1140817","11407","6734","安盛生","生技醫療業","3275","2916","2886","12.311385459533607","13.47886347886348","15812","10295","53.589120932491504","血脂量測新品上線銷售後，對營收逐漸產生貢獻。"
"1140817","11407","6737","秀育","電腦及週邊設備業","221597","232715","341698","-4.77751756440281","-35.14828883985273","1770825","2698141","-34.368700523805096","-"
"1140817","11407","6738","鼎恒","資訊服務業","15552","14570","14838","6.7398764584763216","4.811969268095431","95707","146545","-34.69105053055375","-"
"1140817","11407","6744","豐技生技","生技醫療業","13804","10809","12425","27.708391155518548","11.098591549295774","109844","99624","10.258572231590781","-"
"1140817","11407","6748","亞果生醫","生技醫療業","1609","1185","3816","35.780590717299575","-57.835429769392036","14925","23750","-37.1578947368421","市場變化"
"1140817","11407","6750","泰創工程","其他電子業","354541","407469","312450","-12.989454412482912","13.47127540406465","2880378","1773610","62.40199367391929","本公司採完工比例法認列工程收入，本年投入成本較去年增加所致"
"1140817","11407","6755","連鋐科技","電子零組件業","238027","252873","202499","-5.870931257983257","17.544777998903697","1559334","1327714","17.445022045410383","-"
"1140817","11407","6758","冠亞","生技醫療業","36512","43717","36933","-16.48100281355079","-1.1399019846749519","263352","234301","12.399008113495034","-"
"1140817","11407","6764","亞洲教育","其他","91402","71143","97831","28.476448842472205","-6.5715366294937185","563048","653539","-13.846304505163426","-"
"1140817","11407","6775","穎台科技","光電業","109796","151444","182140","-27.500594279073454","-39.71889755133414","964166","1000557","-3.637074149698618","-"
"1140817","11407","6780","學習王","文化創意業","35850","54317","39729","-33.998563985492574","-9.763648720078532","210876","214234","-1.5674449433796689","-"
"1140817","11407","6784","天凱科技","通信網路業","34592","29282","27496","18.134007239942626","25.807390165842303","184758","168522","9.634350411222274","-"
"1140817","11407","6786","芯測","半導體業","7254","6006","113","20.77922077922078","6319.469026548672","44318","5945","645.4667788057191","本期係新增合約客戶及主要客戶續約所致。"
"1140817","11407","6787","晶瑞光","光電業","22739","21735","10287","4.619277662755923","121.04598036356566","92251","68126","35.4123242227637","因應公司訂單出貨量增加，故營收較去年增加。"
"1140817","11407","6793","天力離岸","其他","6820","8624","91770","-20.918367346938776","-92.56837746540263","268803","744093","-63.87508013111265","本公司主要營業收入已於114/4全數生產完畢。另增加子公司營業收入。"
"1140817","11407","6797","圓點奈米","生技醫療業","15229","10821","18485","40.73560669069402","-17.61428185014877","82114","110854","-25.92599274721706","客戶需求變化"
"1140817","11407","6798","展逸","運動休閒","101272","55544","68744","82.327524125018","47.31758408006517","367979","394343","-6.68555039648225","-"
"1140817","11407","6808","三鼎生技","生技醫療業","12242","10209","20652","19.91380154765403","-40.72244818903738","115086","64317","78.93558468212137","本月營業收入減少，主要係軟組織-生物製劑產品收入減少；本年營業收入增加，主要係軟組織-毛囊產品及其他產品收入增加"
"1140817","11407","6810","新穎生醫","生技醫療業","286","209","320","36.8421052631579","-10.625","1326","1998","-33.633633633633636","本公司於114年7月有檢測收入"
"1140817","11407","6812","梭特","光電業","28799","37597","43887","-23.400803255578904","-34.379201130175225","326765","212802","53.553538030657606","因市場因素及產業特性，致營收波動較大。"
"1140817","11407","6814","路迦生醫","生技醫療業","16293","13323","16798","22.29227651429858","-3.006310275032742","104210","114222","-8.765386703086971","-"
"1140817","11407","6815","晶鑽生醫","生技醫療業","33661","45819","50503","-26.534843623824177","-33.348513949666355","356978","438658","-18.620428671083168","-"
"1140817","11407","6816","捷智商訊","資訊服務業","14240","13607","7037","4.65201734401411","102.35895978399887","87713","73594","19.184987906622823","主係本月專案服務收入較去年同期增加"
"1140817","11407","6817","溫士頓","生技醫療業","56577","67792","51650","-16.543249940995988","9.539206195546951","415402","381202","8.971621345113615","-"
"1140817","11407","6818","連騰","通信網路業","97386","109571","94788","-11.12064323589271","2.7408532725661474","695727","569927","22.073002331877593","-"
"1140817","11407","6819","眾智","半導體業","18455","13109","16814","40.78114272637119","9.7597240394909","134113","133535","0.4328453214513049","-"
"1140817","11407","6820","連訊","通信網路業","67976","69676","59074","-2.4398645157586545","15.069235196533162","500586","356972","40.231166590096706","-"
"1140817","11407","6825","和暢科技","電腦及週邊設備業","43230","126746","55558","-65.89241475076136","-22.189423665358724","449613","295078","52.3708985420804","本年度及本月營收增加主係ODM產品出貨增加所致。"
"1140817","11407","6826","和淞","其他電子業","1077264","1518874","1144633","-29.07482780006768","-5.885641948117868","8950839","8469691","5.680821177537646","-"
"1140817","11407","6827","巨生醫","生技醫療業","0","0","0","","","0","14","-100.0","無"
"1140817","11407","6831","邁科","電腦及週邊設備業","421491","389294","150590","8.270612955760942","179.89308719038448","2029519","1122741","80.76466433487332","業績成長"
"1140817","11407","6832","金鼎科","其他","42149","34171","40531","23.347282783646953","3.9920061187732845","276085","271207","1.7986261416556357","-"
"1140817","11407","6833","太康精密","電子零組件業","69610","78489","71616","-11.312413204398068","-2.8010500446827526","557485","542004","2.8562519833801963","-"
"1140817","11407","6839","開陽能源","綠能環保","156330","200722","101170","-22.116160660017336","54.52209152910942","1027462","936648","9.6956380625379","主要係114年依工程進度認列大型專案工程收入所致"
"1140817","11407","6842","一元素","半導體業","75014","42824","55834","75.16813002054923","34.35182863488197","302550","302416","0.04430982487699064","-"
"1140817","11407","6847","普瑞博","生技醫療業","5199","4780","5362","8.765690376569038","-3.0399104811637447","45447","38939","16.71332083515242","-"
"1140817","11407","6848","拉法醫","生技醫療業","15741","20736","15973","-24.088541666666668","-1.4524510110811995","123395","127061","-2.885228354884662","-"
"1140817","11407","6849","奇鼎科技","其他電子業","114019","117511","130025","-2.971636697841053","-12.309940396077677","870760","1115279","-21.924469123869454","-"
"1140817","11407","6850","光鼎生技","生技醫療業","12199","16171","23228","-24.56248840516975","-47.48148785947994","119367","100722","18.511348066956575","-"
"1140817","11407","6857","宏碁智醫","生技醫療業","2150","8240","2871","-73.90776699029126","-25.11320097526994","32271","28046","15.064536832346858","-"
"1140817","11407","6858","愛比科技","電腦及週邊設備業","32457","48299","47546","-32.79985092859065","-31.735582383376098","266654","304963","-12.561851765624027","-"
"1140817","11407","6864","元樟生技","生技醫療業","82","72","54","13.88888888888889","51.851851851851855","372","399","-6.7669172932330826","因應父親節檔期搭配新產品包裝實施促銷方案，吸引客流，使營收較去年同期提升"
"1140817","11407","6867","坦德科技","光電業","40187","36963","33269","8.722235749262776","20.794132676064805","249481","273449","-8.7650713661414","-"
"1140817","11407","6868","采威國際","資訊服務業","24577","26392","55048","-6.87708396483783","-55.35350966429298","303291","346894","-12.569545740197293","客戶受關稅政策影響，採購態度轉趨保守，延後下單時程，導致本期營收減少"
"1140817","11407","6876","朗齊生醫*","生技醫療業","0","0","0","","","0","2484","-100.0","無。"
"1140817","11407","6878","歐付寶","金融業","704","640","669","10.0","5.23168908819133","4554","4656","-2.1907216494845363","-"
"1140817","11407","6879","大江基因","生技醫療業","28784","28814","26228","-0.10411605469563406","9.745310355345433","170491","190740","-10.616021809793436","-"
"1140817","11407","6882","甲尚","資訊服務業","15033","16774","20073","-10.379158221056397","-25.10835450605291","136170","161548","-15.709262881620324","-"
"1140817","11407","6883","微電能源","綠能環保","45179","122303","81196","-63.05977776505891","-44.35809645795359","805177","992125","-18.843190122212423","-"
"1140817","11407","6884","海柏特","資訊服務業","91843","108118","108824","-15.052997650714959","-15.604094684995957","659069","672539","-2.002857826832347","-"
"1140817","11407","6886","遠東生技","食品工業","36435","50611","30279","-28.009721206852266","20.330922421480235","224437","199200","12.66917670682731","-"
"1140817","11407","6891","樂迦再生","生技醫療業","711","2697","0","-73.63737486095661","","4165","634","556.9400630914827","於出貨時認列營業收入。"
"1140817","11407","6892","台寶生醫","生技醫療業","2749","5236","3784","-47.49809014514897","-27.352008456659618","27775","31507","-11.844986828323865","-"
"1140817","11407","6898","程曦資訊","資訊服務業","99222","93112","96021","6.5619898616719645","3.333645764988909","657754","653707","0.6190846969666839","-"
"1140817","11407","6908","宏碁遊戲","電子通路業","402432","432157","235620","-6.878287289110208","70.79704609116374","2871648","2329365","23.28029312709687","本年累計營收增加主係因受惠於香港及新加坡市場PlayStation代理業務及子公司新收購的上海業務之營收認列"
"1140817","11407","6910","德鴻","數位雲端","32717","37004","29831","-11.585234028753648","9.674499681539338","204450","159785","27.95318709515912","-"
"1140817","11407","6911","群運","其他","37643","47517","45178","-20.779931392975147","-16.678471822568508","274965","261972","4.9596903485868715","-"
"1140817","11407","6912","益鈞環科*","綠能環保","14","146","116","-90.41095890410959","-87.93103448275862","467","846","-44.79905437352246","蘆竹廠114/02取得衛福部試營運許可，蘆竹廠試運轉準備期"
"1140817","11407","6915","美強光","電子零組件業","22167","27945","29335","-20.67632850241546","-24.434975285495142","168490","232141","-27.419111660585592","-"
"1140817","11407","6917","竟天","生技醫療業","22","31","15","-29.032258064516128","46.666666666666664","86","89","-3.3707865168539324","-"
"1140817","11407","6920","恆勁科技","半導體業","130309","117421","112285","10.975890172967357","16.052010508972703","811133","682268","18.887739128905356","-"
"1140817","11407","6926","聖安生醫","生技醫療業","0","0","0","","","0","0","","不適用"
"1140817","11407","6927","聯合聚晶","半導體業","33880","45043","52765","-24.782985147525697","-35.790770397043495","359900","285370","26.116970949994744","-"
"1140817","11407","6932","水星生醫*","生技醫療業","0","0","0","","","0","4717","-100.0","本年累計營收較去年減少50%以上，主係本年依收入認列原則，無可認列之收入所致。"
"1140817","11407","6934","心誠鎂","生技醫療業","3083","28","12926","10910.714285714286","-76.14884728454278","13938","31775","-56.135326514555466","差異主係2024年有一為期12個的開發案，每月按照完工比例法認列收入；2025年度無此專案所致。"
"1140817","11407","6935","王子製藥","食品工業","94794","87319","52570","8.560565283615249","80.31957390146471","542858","392389","38.34689555517611","本月營收較去年同期營收增加，係因客戶訂單增加所致。"
"1140817","11407","6938","藍新資訊","資訊服務業","29214","66105","33231","-55.80667120490129","-12.088110499232645","298990","266341","12.258345504447306","-"
"1140817","11407","6939","啟弘生技","生技醫療業","17064","17626","12768","-3.1884715760807896","33.64661654135338","104051","104367","-0.30277769793133846","-"
"1140817","11407","6940","格斯科技*","電子零組件業","107537","104391","10107","3.0136697608031344","963.9853566834867","453892","111314","307.75823346569166","本月營收增加，主係出貨量增加所致。"
"1140817","11407","6945","圓祥生技","生技醫療業","0","0","0","","","0","0","","本月無收入"
"1140817","11407","6946","三地能源","綠能環保","91366","89350","104583","2.25629546726357","-12.637809204172763","640983","570150","12.423572744014733","-"
"1140817","11407","6947","台鎔科技","綠能環保","123163","95813","69900","28.54518697880246","76.19885550786839","620713","467097","32.88738741631824","因子公司營收增長所致。"
"1140817","11407","6959","兆捷科技","化學工業","54196","39809","45449","36.14006882865684","19.245747981253714","378684","267763","41.42506619659923","-"
"1140817","11407","6961","旅天下","觀光餐旅","380234","364510","455566","4.313736248662588","-16.535913566859687","2576172","2645817","-2.6322682180967165","-"
"1140817","11407","6963","品元","食品工業","89762","72434","72296","23.92246734958721","24.15901294677437","594872","487109","22.122974529314796","-"
"1140817","11407","6971","惠民實業","綠能環保","225062","190649","140210","18.050448730389355","60.517794736466726","1306452","1110276","17.669120110675184","配合工程案進度認列收入，本月營收較去年同期增加"
"1140817","11407","6972","博瑞達應材","化學工業","534786","486517","596134","9.921338822692732","-10.290974847936873","3394653","3351074","1.3004487516539474","-"
"1140817","11407","6973","永立榮","生技醫療業","6000","9253","3546","-35.156165567923914","69.20473773265651","46084","24346","89.28776801117226","因客戶需求增加，致本月及本年累計營收均較去年同期增加"
"1140817","11407","6976","育世博-KY","生技醫療業","0","0","0","","","185","311","-40.51446945337621","主要係認列勞務收入時間差異所致"
"1140817","11407","6977","聯純","綠能環保","178430","199441","36583","-10.534945171755055","387.7402072000656","1287096","243045","429.57106708634205","本月專案工程進度較去年同期增加"
"1140817","11407","6979","勝釩","光電業","59536","54283","40754","9.677062800508446","46.08627374000098","390916","324817","20.349612243201555","-"
"1140817","11407","6980","鐳洋科技","通信網路業","43833","24175","23356","81.31540847983455","87.67340297996232","210693","152291","38.348950364762196","因終端客戶產線移轉，相對應需求增加。"
"1140817","11407","6983","華洋精機","其他電子業","31867","17892","14187","78.10753409344959","124.62113202227391","131076","150474","-12.891263607001875","本期營收較去年同期增加，主要是出貨增加所致。"
"1140817","11407","6984","ACpay","數位雲端","11584","15489","11415","-25.21144037704177","1.4805081033727552","101944","66467","53.375359200806415","因金流服務業務較去年同期增加故提升營業額"
"1140817","11407","6986","和迅","生技醫療業","14468","26781","20880","-45.97662521937194","-30.708812260536398","165873","154159","7.598648148989031","-"
"1140817","11407","6987","寶晶能源*","綠能環保","94899","116480","85769","-18.52764423076923","10.644871690237732","656330","556187","18.005275204202903","-"
"1140817","11407","6990","華鉬","綠能環保","76169","100166","99643","-23.957230996545736","-23.558102425659605","648037","752658","-13.900204342476929","-"
"1140817","11407","6995","野獸國","其他","120635","105346","146146","14.513128168131681","-17.455831839393483","744627","740420","0.5681910267145674","-"
"1140817","11407","6999","瀚醫生技","生技醫療業","11952","11137","8138","7.3179491784142945","46.86655197837307","72768","60616","20.047512207997887","-"
"1140817","11407","7419","達勝","電子零組件業","4988","14412","5050","-65.38995281709687","-1.2277227722772277","47956","31906","50.30401805303078","本期客戶需求增加。"
"1140817","11407","7427","華上生醫","生技醫療業","0","0","142","","-100.0","623","669","-6.87593423019432","本期營收減少係因「剋必達/Kepida」新藥銷售收入減少所致。"
"1140817","11407","7443","凡事康","其他","54785","47836","45896","14.52671628062547","19.367700888966358","334419","332263","0.6488835651276248","-"
"1140817","11407","7455","樺緯物聯","電腦及週邊設備業","71344","100925","70107","-29.30988357691355","1.7644457757427932","515043","512309","0.5336623014625939","-"
"1140817","11407","7507","環拓科技","綠能環保","36352","27724","18820","31.121050353484346","93.15621679064824","217660","208204","4.541699487041555","主係設備銷售工程收入增加所致"
"1140817","11407","7516","清淨海","其他","21845","33835","23990","-35.436677996157826","-8.94122551062943","187053","158628","17.919282850442546","-"
"1140817","11407","7530","鋒魁科技","半導體業","10026","21290","20747","-52.907468294974166","-51.67494095531884","102605","132127","-22.343654211478352","國內需求減少，訂單減少所致。"
"1140817","11407","7551","知識科技","數位雲端","15375","14651","16876","4.941642208722954","-8.894287745911353","101559","136096","-25.376939807194923","-"
"1140817","11407","7558","群利科技","其他","39131","32448","35036","20.59603057199211","11.687978079689461","203209","154525","31.50558162109691","-"
"1140817","11407","7561","光晟生技","生技醫療業","21483","26771","22438","-19.752717492809385","-4.256172564399679","135621","108233","25.30466678369813","-"
"1140817","11407","7562","博來科技","電腦及週邊設備業","64640","86376","61628","-25.164397517829027","4.887388849224378","457475","367679","24.422390182740923","-"
"1140817","11407","7566","亞果遊艇","觀光餐旅","16871","107449","19010","-84.29859747415053","-11.251972645975803","272031","218618","24.432114464499723","本月營收較上月減少，主係使用權資產轉租利益、會員收入減少所致。"
"1140817","11407","7575","安美得","生技醫療業","72114","66872","69681","7.838856322526618","3.4916261247685885","473624","459040","3.177065179505054","-"
"1140817","11407","7578","利百景","其他","30273","37661","26044","-19.617110538753618","16.2379050837045","254345","253580","0.30167994321318714","-"
"1140817","11407","7583","國際海洋","綠能環保","155941","98410","100495","58.46052230464384","55.172894173839495","597316","736523","-18.90056386562266","今年7月營收較去年同期增加約55,446仟元，變動比例 約55.17%，主係今年新承接離岸風場維運專案所致。"
"1140817","11407","7590","怡和國際","其他","228576","215262","51849","6.185021044122975","340.8493895735694","1207489","430513","180.47678002754853","工程案陸續完成階段進度及轉供案場增加所致。"
"1140817","11407","7595","世基生醫","生技醫療業","9183","11391","10159","-19.383723992625757","-9.6072448075598","89859","58115","54.62273079239439","本年度市場需求增加"
"1140817","11407","7607","通用幹細胞*","生技醫療業","1395","1010","1018","38.118811881188115","37.03339882121807","11798","6110","93.09328968903436","本期累計營業收入較去年增加，主係產品技術授權收入增加所致"
"1140817","11407","7610","聯友金屬","綠能環保","118115","114784","87698","2.9019724003345413","34.6838012269379","639690","733023","-12.732615484098043","-"
"1140817","11407","7702","前端風電","綠能環保","23337","208704","9306","-88.81813477460902","150.77369439071566","995901","140929","606.6686061775788","本年增加百分比達50%以上，主係因今年銷售方面較去年多元，因此營業收入增加。"
"1140817","11407","7706","宏碁創達","其他","47958","43042","40073","11.421402351191858","19.676590222843313","296136","275082","7.653717800510393","-"
"1140817","11407","7707","益芯科","半導體業","36219","33042","131437","9.615035409478844","-72.44383240640002","274081","448006","-38.82202470502627","本月營收較去年同期減少，主要為本月份設計服務收入較去年同期減少。"
"1140817","11407","7711","永擎","電腦及週邊設備業","1332030","1059338","742726","25.74173682054264","79.34339177570195","12207526","3258882","274.59245225816704","客戶需求強勁"
"1140817","11407","7716","昱臺國際","航運業","163349","173692","216318","-5.954793542592635","-24.48663541637774","1214729","1137508","6.788611596577782","-"
"1140817","11407","7719","碳基","其他","1069","4267","3197","-74.9472697445512","-66.56240225211135","14348","29678","-51.654424152570925","主係因客戶訂單需求減少"
"1140817","11407","7724","諾亞克","生技醫療業","35367","35045","34416","0.9188186617206449","2.763249651324965","222531","241377","-7.807703302303036","-"
"1140817","11407","7725","列特博","生技醫療業","5218","7397","4760","-29.457888333108016","9.621848739495798","42459","45827","-7.349379186942196","無"
"1140817","11407","7726","暄達","生技醫療業","16225","20916","30294","-22.427806463951043","-46.44153957879448","168545","214641","-21.475859691298492","-"
"1140817","11407","7729","仲恩生醫","生技醫療業","0","0","0","","","0","0","","不適用"
"1140817","11407","7730","暉盛","半導體業","24241","70101","24326","-65.4198941527225","-0.3494203732631752","279897","287786","-2.741273029264801","-"
"1140817","11407","7731","火星生技*","食品工業","35967","60780","45125","-40.82428430404738","-20.294736842105262","344572","259316","32.87726171929229","-"
"1140817","11407","7737","凱鈿","數位雲端","29042","33553","33336","-13.444401394808214","-12.880969522438205","226049","234468","-3.5906818840950576","-"
"1140817","11407","7738","東聯互動","數位雲端","50374","48949","34980","2.9111932828045517","44.00800457404231","317056","245657","29.06450864416646","-"
"1140817","11407","7742","天弘化","化學工業","122284","83103","68696","47.14751573348736","78.00745312681961","421255","524567","-19.694719644964323","主係新能源材料產品訂單量增加，致本月營收較去年同期增加。"
"1140817","11407","7744","崴寶","電子零組件業","225025","179556","131705","25.32301900242821","70.85532060286246","1288923","743632","73.32807087376551","主係客戶需求增加所致。"
"1140817","11407","7748","鑫囍創業","其他","15404","20901","14889","-26.300177025022727","3.458929410974545","87239","59753","45.99936404866701","-"
"1140817","11407","7750","新代","電機機械","948207","1054110","878154","-10.046674445740956","7.97730238659734","8184697","6510517","25.715008500860993","-"
"1140817","11407","7751","竑騰","半導體業","160259","147611","98999","8.568467119659104","61.879412923362864","964948","660213","46.15707355050567","本公司為設備業，每月營收高低起伏屬常態，主要係今年同期客戶驗收機台較多所致。"
"1140817","11407","7752","世紀樺欣","綠能環保","175319","341648","56148","-48.684318362759335","212.24442544703285","2250743","467090","381.86495108009166","本月增加百分比達50%以上，主係因工程進度所致"
"1140817","11407","7754","安基生技","生技醫療業","47","65","8371","-27.692307692307693","-99.43853780910285","7180","88100","-91.85017026106696","本月營收較去年同期減少，主因為與 Avenue 解約後，不再依完工比例法認列其相關收入所致。"
"1140817","11407","7756","多那之","觀光餐旅","100683","103878","92203","-3.0757234448102584","9.197097708317516","719537","716665","0.4007451180119024","-"
"1140817","11407","7757","金色三麥","觀光餐旅","190036","185205","202484","2.608460894684269","-6.147646233776496","1282572","1236919","3.690864155211457","-"
"1140817","11407","7758","睿騰能源","電子零組件業","7861","66603","13937","-88.1972283530772","-43.59618282270216","150521","66523","126.26910993190324","客戶需求提升增加出貨營收"
"1140817","11407","7759","視航生醫","生技醫療業","0","0","0","","","0","0","","無"
"1140817","11407","7760","享溫馨","觀光餐旅","98720","100686","102007","-1.95260512881632","-3.222327879459253","790007","792438","-0.3067747886900931","-"
"1140817","11407","7761","三大未來","綠能環保","22595","23522","7750","-3.940991412294873","191.5483870967742","125418","46993","166.8865575724044","產能增加"
"1140817","11407","7762","吉晟生","生技醫療業","22670","18915","11218","19.85196933650542","102.08593332144767","106930","67154","59.231021234773806","訂單需求增加及合併子公司營收"
"1140817","11407","7763","崇舜","化學工業","55663","92366","94887","-39.73648312149492","-41.33759102932962","623119","524004","18.914931947084373","-"
"1140817","11407","7764","聖州","其他","65121","66150","61956","-1.5555555555555556","5.10846407127639","451995","435394","3.8128683445339164","-"
"1140817","11407","7765","中華資安","數位雲端","192453","177036","188342","8.70839829187284","2.1827314141296155","1171489","1044265","12.183114439342503","-"
"1140817","11407","7767","仁大資訊","資訊服務業","141819","199357","174369","-28.861790656962132","-18.667308982674673","1316593","1339885","-1.7383581426764236","-"
"1140817","11407","7768","頌勝科技","半導體業","177012","172864","152975","2.3995742317660125","15.713025004085635","1195808","1096769","9.030069230621946","-"
"1140817","11407","7769","鴻勁","半導體業","2612117","2566800","1229670","1.765505688016207","112.42422763830946","15409347","6686910","130.44047250523784","主要係因市場需求較去年同期成長所致。"
"1140817","11407","7770","君曜","半導體業","54533","48584","47669","12.244771941379879","14.39929513939877","291659","230685","26.43171424236513","-"
"1140817","11407","7772","耀穎","半導體業","25861","32924","23472","-21.452435913011783","10.178084526244035","249756","214352","16.516757483018587","-"
"1140817","11407","7773","富禾生醫","生技醫療業","3906","3915","1925","-0.22988505747126436","102.9090909090909","21961","9610","128.52237252861602","本期營業收入及累計營業收入較去年增加，主係銷貨收入增加所致。"
"1140817","11407","7776","奧孟亞","生技醫療業","117","116","20310","0.8620689655172413","-99.42392909896603","4055","21010","-80.69966682532127","本期授權收入較去年同期減少"
"1140817","11407","7777","能率亞洲","其他","-18759","131624","-38830","-114.25196012885188","51.68941540046356","33313","-6027","652.7293844367015","營業收入為投資標的之評價損益(含已實現及未實現)，投資標的的股數及公允價值變動情形，請參考本公司網站投資人專區/財務資訊。"
"1140817","11407","7779","鍇睿國際","運動休閒","19666","22557","8326","-12.816420623309837","136.1998558731684","113859","100147","13.691872946768251","本期活動專案增加致營收成長。"
"1140817","11407","7780","大研生醫","食品工業","149342","175609","86196","-14.957661623265322","73.25861988955404","938995","610623","53.7765527993541","官網AI營銷研發奏效，四大電商銷量第一，新增實體通路快速成長，營收年增73%，展現品牌力與數據實力。"
"1140817","11407","7781","昕力資*","數位雲端","62337","65347","52734","-4.606179319632118","18.21026282853567","441110","375087","17.60204965781272","-"
"1140817","11407","7782","光速火箭","居家生活","52163","51195","52460","1.8908096493798223","-0.5661456347693481","396307","382933","3.492516967720202","-"
"1140817","11407","7783","佳運","綠能環保","129293","135883","99780","-4.849760455686142","29.57807175786731","855277","873601","-2.097525071514341","-"
"1140817","11407","7785","北祥科服","數位雲端","134631","102294","177342","31.611824740453986","-24.083973339648814","1014380","981423","3.35808310993323","-"
"1140817","11407","7786","東方風能","綠能環保","1225226","1319390","741520","-7.136934492454847","65.23168626604811","5585622","3899257","43.24836757361723","主係因業務持續成長所致。"
"1140817","11407","7788","松川精密","電子零組件業","494731","499986","507252","-1.051029428824007","-2.468398350326859","3728310","3350708","11.269319797487576","-"
"1140817","11407","7789","開展","觀光餐旅","182587","175669","168120","3.9380881088865993","8.60516297882465","1207222","1125545","7.256662328027756","-"
"1140817","11407","7790","思必瑞特","生技醫療業","23807","33707","18707","-29.3707538493488","27.262522050569306","168002","122426","37.22738633950305","-"
"1140817","11407","7791","皇家可口","食品工業","274604","261542","292176","4.994226548699635","-6.014183232024533","1542884","1613981","-4.405070443828025","-"
"1140817","11407","7792","安葆","其他電子業","590594","584767","259179","0.9964652588124843","127.87108523452903","3274495","2258571","44.980830799651635","本月增減達百分比50%以上，係因本月投入進行的專案較去年同期增加所致。"
"1140817","11407","7794","宏碁智新","居家生活","102480","93797","75744","9.257225710843631","35.297845373891","548322","401585","36.53946238031799","-"
"1140817","11407","7795","長廣","電子零組件業","114173","108161","122683","5.55838056230989","-6.936576379775519","979059","1349006","-27.423673430659314","-"
"1140817","11407","7796","擷發科","半導體業","1105","197","1842","460.9137055837563","-40.01085776330076","40912","29897","36.84316152122287","主係按完比法認列"
"1140817","11407","7797","Q Burger","觀光餐旅","208461","193167","187236","7.917501436580783","11.335961033134653","1349851","1238218","9.01561760530052","-"
"1140817","11407","7799","禾榮科","生技醫療業","1120","328","0","241.46341463414635","","3128","0","","使用硼中子捕獲治療(BNCT)之恩慈治療照射費及藥品收入"
"1140817","11407","7801","華芸科技","資訊服務業","38636","37352","44007","3.4375669308203043","-12.204876496920944","326970","288476","13.343917691593061","-"
"1140817","11407","7803","雲象科技","生技醫療業","2264","21091","1259","-89.2655635105021","79.82525814138205","51426","44616","15.26358257127488","本期有專案驗收完成，故認列收入。"
"1140817","11407","7805","威聯通","數位雲端","514322","391102","487540","31.505847579403838","5.493292858021906","3610590","3442472","4.883641755110863","-"
"1140817","11407","7806","精華生醫","食品工業","34647","43022","42131","-19.46678443587002","-17.763641973843487","318838","252910","26.067771143885178","-"
"1140817","11407","7808","訊聯智藥","生技醫療業","9970","11248","6111","-11.362019914651494","63.148420880379646","72285","44072","64.01570157923398","本月銷售狀況較去年同期成長，主因係市場經營成果，客戶需求增加致營收成長。"
"1140817","11407","7810","捷創科技","半導體業","39976","38750","32188","3.1638709677419357","24.19535230520691","288157","225920","27.54824716713881","-"
"1140817","11407","7811","民盛","運動休閒","241636","276398","223515","-12.576791438432984","8.107285864483368","1756418","1364432","28.728877657516094","-"
"1140817","11407","7812","稜研科技*","通信網路業","4128","9622","1910","-57.09831635834546","116.12565445026178","94797","58025","63.37268418785006","本月營收較去年顯著提升，主要係出貨量增加所致。"
"1140817","11407","7813","宇辰系統","其他電子業","152749","193548","129112","-21.079525492384317","18.30736105087056","1038334","864810","20.064985372509568","-"
"1140817","11407","7814","海昌生技","生技醫療業","10025","4770","11748","110.16771488469601","-14.666326183180116","40990","47640","-13.95885810243493","-"
"1140817","11407","7815","新特","半導體業","95945","93231","79874","2.9110489000439768","20.120439692515713","604012","459406","31.47673299869832","-"
"1140817","11407","7816","來穎","電子零組件業","456032","432248","124023","5.502396772223353","267.69953960152554","2161824","1050787","105.73379762025986","係因出貨之電池櫃經客戶驗收完成後認列本期營收"
"1140817","11407","7818","溢泰實業","其他","970068","1046274","1164265","-7.283560520475516","-16.67979368958098","7577547","7617917","-0.5299348890254383","-"
"1140817","11407","7819","精誠金融","資訊服務業","80460","82432","33541","-2.3922748447204967","139.8855132524373","329648","225422","46.235948576447726","本月營收變動原因：大型客戶端末設備週期汰換，公司端末設備銷售數量大，致本月營收增加較多。"
"1140817","11407","7820","立盈","綠能環保","27764","25641","15655","8.279708279708279","77.34908974768445","161567","80427","100.88651820905915","本月營收較去年同期成長，主要係產能較去年同期擴增所致。"
"1140817","11407","7821","神數","其他電子業","724355","607651","584394","19.205761201742447","23.94976676694148","4654044","3670645","26.790904595786298","-"
"1140817","11407","7822","倍利科","半導體業","167126","168100","31751","-0.5794170136823319","426.3645239520015","908600","171140","430.9103657824004","本月認列設備營收較前期多"
"1140817","11407","7825","和亞智慧","其他電子業","16527","30240","33182","-45.34722222222222","-50.19287565547586","223602","137969","62.066841101986675","本年累計營收較去年累計營收增加50%以上，主要皆係自動化設備收入增加所致。"
"1140817","11407","7826","極風雲創","數位雲端","9461","10161","13271","-6.889085719909458","-28.709215582849822","73510","54328","35.307760270946844","-"
"1140817","11407","7827","漢康-KY","生技醫療業","0","0","0","","","0","0","","無營收"
"1140817","11407","7828","創新服務","半導體業","26071","32824","432","-20.57336095539849","5934.9537037037035","190912","81886","133.14363871724103","依客戶訂單交期安排，本月出貨量較去年同期增加。"
"1140817","11407","7829","思捷優達-KY","生技醫療業","0","0","0","","","0","0","","本公司目前正處於新藥開發階段，尚未進入商業化階段，且尚無產生重大之進貨及銷貨等商業&#64008;為"
"1140817","11407","7831","捷博","居家生活","15992","16676","9057","-4.101703046294075","76.57060836921718","99301","101328","-2.0004342333807044","主因係拓展新營業據點"
"1140817","11407","7832","智新生技*","生技醫療業","0","0","206","","-100.0","1592","3119","-48.95799935876884","本公司本年度專注於自身產品研究開發，減少提供試驗測試勞務服務所致。"
"1140817","11407","7833","綠岩能源","綠能環保","30389","93874","28735","-67.6278841851844","5.756046633025926","563564","302201","86.48647754309218","本年營收較去年同期營收增加，主要係因承接工程案件依進度認列收入所致"
"1140817","11407","7834","來毅數位","資訊服務業","1393","1938","267","-28.121775025799792","421.7228464419476","17817","8001","122.68466441694788","本公司自114年增聘研發技術人員，增加產品及服務量能，帶動穩定成長，114年累積營收較去年同期提升。"
"1140817","11407","7836","今網智慧","其他","76161","76554","70379","-0.5133631162316796","8.21551883374302","512334","444869","15.165138501446494","-"
"1140817","11407","7837","啟新生","生技醫療業","93957","83690","71941","12.267893416178755","30.60285511738786","595574","458326","29.94549730977514","-"
"1140817","11407","7839","達人網","數位雲端","14863","13932","14617","6.6824576514499","1.6829718820551414","101019","91632","10.244237820848612","-"
"1140817","11407","7840","祥圃","農業科技","168452","149455","139457","12.710849419557727","20.791355041338907","1014257","1061791","-4.476775561292194","-"
"1140817","11407","7841","經貿聯網","資訊服務業","50634","59545","35527","-14.965152405743556","42.522588453852","274986","225838","21.76250232467521","-"
"1140817","11407","7842","天能綠電","綠能環保","209299","248980","90692","-15.937424692746406","130.78000264631942","1261894","555351","127.22458409186262","本月營收及本年累計營收增加，主要係因售電業務成長所致。"
"1140817","11407","7843","英柏得","半導體業","31918","24764","26826","28.888709416895495","18.981585029449043","177653","170134","4.419457604006254","-"
"1140817","11407","7846","德揚","綠能環保","55881","77639","57281","-28.02457527788869","-2.4440914090186974","433940","350002","23.982148673436154","-"
"1140817","11407","7847","豊漁","觀光餐旅","75197","73691","81605","2.043668833371782","-7.852460020832057","564398","565942","-0.27281947620074143","-"
"1140817","11407","7848","騏億鑫","其他電子業","99731","0","175803","","-43.271161470509604","948813","904663","4.880270332709529","-"
"1140817","11407","7849","旭誼","其他電子業","45282","0","18450","","145.4308943089431","332468","272462","22.023621642651086","本月營收較去年同期增加，主係因本月正在進行之專案投入較去年同期增加所致。"
"1140817","11407","7850","寶泰生醫","生技醫療業","1516","0","0","","","9701","0","","本公司於113年8月推出首款引入之寵物保健品，且於114年3月併購牧騰生技，啟動獸醫院通路及搭配檢測試劑等，致營收增長。"
"1140817","11407","8058","耐特","其他電子業","183119","236768","208035","-22.658889714826326","-11.976830821736726","1466236","1361836","7.66612132444729","-"
"1140817","11407","8098","慶康科技","半導體業","34543","61161","43812","-43.52119814914733","-21.15630420889254","358439","236089","51.8236766643088","因客戶終端需求增加，故今年營收隨之增加。"
"1140817","11407","8102","傑霖科技","半導體業","44841","34463","52686","30.11345500972057","-14.89010363284364","263725","313540","-15.887924985647764","-"
"1140817","11407","8119","公信","電腦及週邊設備業","49715","60698","63189","-18.09450064252529","-21.323331592524017","413244","433412","-4.653309091580298","-"
"1140817","11407","8298","威睿","資訊服務業","10076","8655","17728","16.418255343731946","-43.16335740072202","45341","62098","-26.984766015008535","-"
"1140817","11407","8329","台視","文化創意業","62876","89885","90028","-30.048395171608167","-30.15950593148798","547032","689456","-20.65744587036736","-"
"1140817","11407","8345","超秦","農業科技","342830","305583","300572","12.188832493954179","14.059193803814061","2262427","1946862","16.20890438048511","-"
"1140817","11407","8359","錢櫃","觀光餐旅","274583","270982","299991","1.3288705522876059","-8.469587420955962","1972768","2097133","-5.930239045401508","-"
"1140817","11407","8458","影一","文化創意業","2267","2428","2671","-6.630971993410214","-15.125421190565332","24277","33936","-28.462399811409714","-"
"1140817","11407","8999","台灣積層","其他","155700","153341","177937","1.538401340802525","-12.497119767108583","1072008","1022732","4.8180755075620985","-"
"1140817","11407","9957","燁聯","鋼鐵工業","2660123","2669187","3907542","-0.33957905534531674","-31.923367682292348","21543511","26808868","-19.64035557189509","-"
